duration_sec,rms_energy,zcr,spectral_centroid,spectral_bandwidth,spectral_rolloff,tempo,mfcc_1,mfcc_2,mfcc_3,mfcc_4,mfcc_5,mfcc_6,mfcc_7,mfcc_8,mfcc_9,mfcc_10,mfcc_11,mfcc_12,mfcc_13
182.465306122449,0.18422892689704895,0.04559101726523731,1207.1453837087768,1588.7092474135895,2369.404457792221,99.38401442307692,-224.18821716308594,128.55567932128906,-9.501195907592773,15.89470386505127,19.14385986328125,4.257728099822998,-7.128515243530273,-1.1182913780212402,-7.004107475280762,-7.644258975982666,-5.899223804473877,-1.3984873294830322,-2.3505475521087646
